l,b,Angle from l=0,Angle from MW plane,Distance,"Dist MW or M31, nearest",Orbit Pericenter,Orbit Apocenter,Orbit Eccentricity,Orbit Period,Angular Radius,Radius [pc],V band Magnitude M$_{V}$,Distance to LG surf,Estimated Dynamical Mass,Stellar Velocity Dispersion $\sigma_{star}$,"Stellar Rotation Velocity $V_{rot,star}$",HI Velocity Dispersion $\sigma_{gas}$,"HI Rotation Velocity $V_{rot,gas}$",W50,Surface Brightness $\mu_{V}$,Heliocentric Velocity $v_{helio}$,Star Formation Timescale $\tau_{90}$,Mean Metallicity $\langle $[Fe/H]$\rangle $,Galactocentric Velocity $V_{GSR}$,Local Std of Rest Velocity $V_{LSR}$,Local Group Std of Rest Velocity $V_{LGSR}$,HI Mass $M_{HI}$ (Detected or Limit),3D Position (X),3D Position (Y),3D Position (Z)
359.9574857224316,-0.0379199013714249,0.042514277568443504,0.0379199013714249,9.954054173515215e+20,,,,,,,,,,,,,,,,,,,,,,,,-5.441684496167129e+16,-8.689645002061809e+17,-4.8246393570773376e+17
238.7856569218252,-7.399238615757308,121.2143430781748,7.399238615757308,7211.074791828991,,,,,,,,-14.39,,,,,,,,24.0,87.0,,,-115.28900243310035,71.29583723321684,-112.8427431256282,,-2.0127439399571805,6.141357218390801,-3.1987799239141728
6.599240337924572,-13.731162328849203,6.599240337924572,13.731162328849203,26302.679918953843,18.587575790781678,,,,,342.0,,-13.500000000000002,-211.75692827477158,,,,,,,25.2,140.0,,,172.92364599463554,148.36296233083524,125.8680566108346,122.45408185265198,5.4752418221092585,-22.23882333372081,-12.933964382196145
316.21803919136454,-57.29130695761211,43.78196080863552,57.29130695761211,25000.0,23.298940712126683,2.0,33.0,0.86,0.7,6.0,37.0,-2.410000000000002,-208.3047089163356,,,,,,,,-102.3,,,-191.4210920596809,-109.16546734281916,-201.1149512855916,90.1890225,13.098206150601873,-0.19433005657438016,-21.29317335357619
98.29423509258312,42.87998519914984,98.29423509258312,42.87998519914984,21500.0,26.12657612171909,19.0,62.0,0.53,,2.7,19.0,-2.8999999999999986,-213.92402692582772,,,,,,,,-342.5,,,-170.4612127407101,-329.98672987758215,-158.71892062866004,56.714447261999986,-4.8660714694469736,-7.847660123071938,19.416116476962657
220.4781575559821,50.42582885142677,139.52184244401792,50.42582885142677,22908.676527677748,27.768801777165717,,,,,4.4,,-1.5,-202.9853230372697,,,,,,,27.6,208.5,,,113.58753654631657,204.57149167709545,100.11184186104856,46.65675611252086,-19.39335515466876,10.413156735700056,6.345975330270412
266.15795044145335,-49.77763906622343,93.84204955854669,49.77763906622343,30199.517204020132,31.61018613012547,,,,,3.64,,-2.6999999999999997,-200.00245088360666,,,,,,,,64.0,,,-91.21286281542321,50.53411179903493,-87.57828128674144,132.74892698458365,10.464702893477122,14.364070001977606,-24.416681299583825
154.4162431709347,-77.8038631855293,154.4162431709347,77.8038631855293,30000.0,32.46457120677179,,,,,1.9,17.0,0.01999999999999957,-213.28865005682763,,,,,,,,,,,,,,127.44,27.10847878647717,9.583644881997415,-8.560614969666728
140.899123340276,-23.821265949285717,140.899123340276,23.821265949285717,28400.0,36.41756690401115,16.0,92.0,0.71,10.0,3.9,16.0,-1.7999999999999992,-227.0856212001577,,,,,,,,-381.7,,,-257.0619738895041,-383.99301706265135,-175.8322170144475,107.35636224,19.155115816856267,12.593329982964866,16.76453333627217
152.4642549338653,37.44290116255897,152.4642549338653,37.44290116255897,34700.0,37.78371882720685,38.0,65.0,0.26,3.5,16.0,139.0,-4.199999999999998,-205.00631443500924,,,,,,,27.9,-116.5,,-2.18,-33.425026507088674,-114.17581535034188,3.6273270103212165,112.66924433808,-10.670921618196942,11.493332044026198,30.953590265816626
353.6940202637856,68.87087697538054,6.305979736214397,68.87087697538054,42000.0,39.511366489899395,38.0,167.0,0.63,10.0,4.2,39.0,-2.700000000000001,-190.65136458646148,,,,,,,28.1,-117.0,,,-116.43167269988741,-107.72111861724134,-172.87635143503658,184.86811728,-35.639444372100506,-20.163827455471786,9.340774442941827
149.43285870802447,-38.13517245839996,149.43285870802447,38.13517245839996,34673.685045253165,40.6163173951129,,,,,3.4,,-2.5,-222.1525043146512,,,,,,,27.4,-39.2,,,43.18240558592355,-44.81787889133992,122.78520303158713,269.0369643093985,26.71986121776893,18.582316651067472,11.958718953133793
158.57696842579944,56.780185738251255,158.57696842579944,56.780185738251255,45000.0,42.73609097450467,44.0,53.0,0.19,1.2,2.3,33.0,-2.6999999999999997,-194.0092537705053,,,,,,,26.1,-14.1,,,33.59007595834935,-10.432739482441342,43.9341596674992,5161.319999999999,-26.955357704944305,8.583116919766399,34.99626830020766
241.88672056499118,83.61119052411114,118.11327943500879,83.61119052411114,42000.0,44.817504957731046,43.0,242.0,0.7,3.7,6.0,69.0,-4.1,-185.32286806141568,,,,,,,27.3,98.1,,-2.25,81.81465871617435,103.40686056827991,46.35710548404675,105.44397494399999,-38.13160325822121,-4.5103608282941865,17.018739029558066
241.88672056499118,83.61119052411114,118.11327943500879,83.61119052411114,48000.0,45.607276593654184,,,,,9.1,127.0,-3.51,-186.1707942620948,,,,,,,,,,,,,,163.1232,-38.13160325822121,-4.5103608282941865,17.018739029558066
35.40523804627561,75.35347544349709,35.40523804627561,75.35347544349709,46773.514128719864,45.79454273713892,,,,,,,-5.750000000000003,-184.6298516633081,,,,,,,31.3,197.5,,,240.11377165616713,207.88530758255538,199.33290704396572,107.5840481541017,-36.40834742125872,-20.43141168756892,21.08912701975955
352.52487970666544,-52.16791447983772,7.475120293334554,52.16791447983772,53000.0,48.45789512239038,,,,,6.0,93.0,-3.9200000000000017,-185.21729141831275,,,,,,,,,,,,,,397.7544,32.46217696958378,-17.979268270992673,-37.84115456530233
278.68975040290434,-33.154345251656736,81.31024959709565,33.154345251656736,50582.46620031137,50.205804295248896,,,,,181.8,,-18.12,-179.8604565060661,,,49.8,15.8,63.0,80.064,,262.2,,,67.50921581798471,249.57903311023082,45.704753745957575,460000000.0,2.967280720250453,18.512421366965203,-46.97947836199123
316.71480009374807,-52.37178595591368,43.285199906251925,52.37178595591368,55000.0,52.108450986883106,,,,,1.0,16.0,-1.6099999999999994,-178.88610914081391,,,,,,,,,,,,,,385.506,25.07770603098885,-2.4809872945328237,-48.887149254867296
329.46104304564244,-53.100070944932405,30.53895695435756,53.100070944932405,57543.99373371573,53.79490207548872,,,,,9.83,,-3.8000000000000007,-177.87714705354165,,,,,,,,-129.0,,,-200.7239100411836,-133.60466491373654,-217.00056712206,211.79024266227847,29.619931557537583,-9.067264388457536,-48.49490267917355
19.07317796573354,-22.848071142559828,19.07317796573354,22.848071142559828,70100.0,60.047394389108675,,,,,2.0,33.0,-5.229999999999999,-174.68891020975758,,,,,,,,,,,,,,695.8238159999999,30.69717136368724,-57.32503613364434,-26.18270235374473
19.07317796573354,-22.848071142559828,19.07317796573354,22.848071142559828,63973.48354826483,61.37938982097806,,,,,59.4,,-16.830000000000002,-168.72645657233107,,,,22.0,60.0,90.0,,145.6,,,220.58404095563031,154.33413312783972,192.22086881536097,460000000.0,30.69717136368724,-57.32503613364434,-26.18270235374473
358.08180948077035,69.62406404451913,1.9181905192295967,69.62406404451913,66374.30704019089,64.00255396565976,,,,,12.6,,-6.309999999999999,-166.2643825101499,,,,,,,27.5,99.0,,,105.99002767902991,108.553994696504,51.13889929652125,570.6050379717902,-55.63687925919821,-32.15434359965785,16.618799265833736
86.36783338227318,34.721708670623954,86.36783338227318,34.721708670623954,82000.0,75.86965230559159,21.0,97.0,0.66,1.4,10.0,231.0,-8.799999999999997,-179.75617102626418,,,,,,,25.0,-290.7,10232929922.807535,-1.98,-95.93990158228712,-276.4009071018928,-86.29282335221058,592.3576622117649,-7.524764452958161,-42.901246558734435,69.47561416521752
104.96541449756386,44.80035931341752,104.96541449756386,44.80035931341752,76000.0,77.75702956446655,,,,,8.2,405.0,-8.799999999999997,-175.32087910265358,,,,,,,26.0,-247.2,9120108393.559114,-2.13,-84.88084322460631,-235.69065911876118,-70.76262744636941,600.8321809919997,-19.95944899346135,-21.618804397145507,70.07315957137494
262.4164776490582,-54.153298584093434,97.58352235094179,54.153298584093434,78000.0,79.026686443065,,,,,2.09,44.0,-2.5600000000000023,-154.7614277263254,,,,,,,,,,,,,,775.3449600000001,32.81701380843667,37.930120879847024,-59.73566384277545
271.05938580295066,-54.8768878712905,88.94061419704936,54.8768878712905,79432.82347242814,79.76098196602567,,,,,1.31,,-3.3999999999999986,-153.23698297398394,,,,,,,,113.0,,,-26.08464754687037,100.46746828428257,-21.126510555624485,764.3207540811752,33.748289681071356,32.45638471336463,-64.1654851126561
274.185037067358,-60.01148180390794,85.81496293264206,60.01148180390794,87096.35899560805,87.17875455787495,,,,,0.54,,-2.0,-147.5561000296524,,,,,,,,,,,,,,1074.145846241324,43.826517485551356,31.480467070350056,-68.36660228805513
324.5781593899568,-60.428557584487784,35.421840610043205,60.428557584487784,83176.37711026716,80.25525148685047,,,,,1.09,,-2.8000000000000007,-153.91450009672272,,,,,,,,,,,,,,832.6877565980333,49.177534749823316,-4.304638998096924,-66.94288512019301
283.32569583647273,-84.50168940991823,76.67430416352727,84.50168940991823,86000.0,86.10569793328001,,,,,11.3,279.0,-11.070000000000002,-163.7386818162248,,,,,,,23.5,111.4,10715193052.376049,-1.68,83.00007399256562,103.51212678278047,112.74034568632185,3223.481958959999,70.20980206570107,18.86410957660918,-45.94267149150949
242.2085902020116,43.054665656399536,117.79140979798842,43.054665656399536,85901.3521505396,88.99667519557262,,,,,27.8,,-9.27,-141.91059584994937,,,,,,,27.1,224.2,,,75.9439419396169,218.15563204348462,47.31588633697753,391.73215779947446,-76.7147976029628,38.64645489823025,-0.5776277577490171
272.74119774546114,-46.075639636980384,87.25880225453886,46.075639636980384,92000.0,91.71253733124136,,,,,2.4,64.0,-3.3099999999999987,-139.0993269306108,,,,,,,,,,,,,,1018.72704,25.82861854503608,38.816377137785636,-79.31060036308016
347.59856866959024,-42.11722495818539,12.401431330409766,42.11722495818539,100000.0,94.28224853809894,,,,,1.26,,-3.5,-137.25831145573116,,,,,,,,,,,,,,1416.0000000000002,46.34311910755301,-42.90731326231853,-77.53243050486952
159.43108301337637,54.41432967054264,159.43108301337637,54.41432967054264,96827.78562612488,101.48164149745293,,,,,11.3,,-5.5299999999999985,-142.40634427056784,,,,,,,27.7,-55.3,,,-7.078738089390818,-52.05730098846669,6.414548627520052,6811.551286571539,-55.647811288170786,21.673800554906602,76.21802632974075
339.18554186886035,-58.43470854593643,20.814458131139585,58.43470854593643,120226.4434617413,116.46788418042995,,,,,1.77,,-3.3999999999999986,-119.85250344251264,,,,,,,,-141.0,,,-185.71516821670653,-144.79268936922864,-193.67105242570892,2165.8529076975533,74.60399219810444,-21.14362042595204,-91.87812237332516
256.5555417399944,-40.695234897489314,103.44445826000566,40.695234897489314,114815.3621496884,116.52170744649662,,,,,0.88,,-3.1000000000000014,-115.06822342187414,,,,,,,,,,,,,,1866.6515417958767,24.23302147790305,70.16887190786002,-87.5879984403909
258.1152142616774,-21.67378687730457,101.8847857383226,21.67378687730457,106000.0,107.047859730332,,,,,8.2,311.0,-9.11,-123.10262193220134,,,,,,,25.5,222.9,2884031503.126612,,7.6159310893662,207.6797185684748,-3.96721187467536,1145.1110523359998,-12.548644457067232,68.35258940875134,-80.04033385368136
28.728023378963066,36.87126379978539,28.728023378963066,36.87126379978539,132000.0,126.26070525087128,,,,,8.6,216.0,-6.600000000000001,-105.12268964112104,,,,,,,27.2,45.0,12589254117.941662,-2.39,144.72128093765244,60.12796214528254,95.60719996137549,1534.6839657600005,-48.72382344503365,-119.1463329944878,29.22567985289337
295.30545581515946,32.416293766681484,64.69454418484054,32.416293766681484,151000.0,131.564025609628,116.0,676.0,0.89,,1.7,67.0,-4.84,-138.20638500644344,,,,,,,,303.1,,,133.0445690268117,300.9419676963406,61.3834899825728,3235.6277088720008,-130.1646855613395,-12.362445462787091,-75.53359898017071
234.9461912887614,-65.79320383054058,125.05380871123859,65.79320383054058,139000.0,149.35271040308552,118.0,152.0,0.13,3.2,16.6,792.0,-13.44,-103.10357211327023,,,,,,,23.3,55.2,2398832919.019495,-1.04,-31.176396348262887,42.66812063196302,1.9208038117653,3400.925930892001,88.74392429943832,74.4572961771453,-76.8220472645999
264.3686901801135,57.40649038264365,95.6313098198865,57.40649038264365,154000.0,154.81198101509713,150.0,1794.0,0.95,,4.6,114.0,-5.8400000000000025,-82.04581809525409,,,,,,,27.5,132.3,11220184543.019651,-2.45,13.35231409699941,131.28895991821554,-34.301458055967124,2287.696776288,-152.92196442501537,18.13333785684629,1.4334763910877877
113.57855435026991,82.70309345930633,113.57855435026991,82.70309345930633,160000.0,160.57346416941132,,,,,1.6,71.0,-4.919999999999998,-71.51615496478067,,,,,,,26.1,-128.9,,-2.12,-95.40746218844237,-121.01705090324123,-122.3177973730317,2372.355072,-128.05332743441002,-32.620549922023216,90.2122223191545
261.8624411735513,58.53743317853026,98.13755882644871,58.53743317853026,169000.0,178.6117675685889,165.0,4079.0,0.96,,2.6,49.0,-5.25,-57.95097971138723,,,,,,,27.1,170.9,,,56.334786954629614,170.0057091904816,10.393615323856086,2935.2152844337147,-167.53784610127056,21.19466014818249,6.546487985937661
79.20634166197053,-47.105798963652504,79.20634166197053,47.105798963652504,183000.0,181.1140334850256,171.0,31214.0,0.992,,1.1,60.0,-5.0,-157.7169398273358,,,,,,,25.7,-226.5,,,-75.36479113316628,-222.45782771885075,-30.88211144895368,1625.3697728373625,175.50277082971147,-48.24541177484122,18.977820574812675
231.55509928474243,-28.861399586168428,128.44490071525757,28.861399586168428,183000.0,186.51722441319345,,,,,1.9,117.0,-4.5,-51.1659760731874,,,,,,,,,,,,,,5216.2466399999985,20.08897598050094,160.3710400509681,-85.82868143590255
69.85226656570086,-41.81334282008921,69.85226656570086,41.81334282008921,205116.21788255626,203.182818903582,,,,,1.3,,-4.059999999999999,-131.36862218957373,,,,,,,,-223.0,,,-63.02309294890938,-216.95991111630292,-27.616491765242625,3109.678354410729,186.6814607725776,-82.74857603929075,19.374421429570006
354.39906171862907,-37.391673029005496,5.6009382813709285,37.391673029005496,213796.20895022328,207.4336584930028,,,,,2.9,,-4.25,-25.300319936437504,,,,,,,,,,,,,,6148.750326699301,95.18076753270996,-114.56439545633344,-153.3767901186375
74.30574797127419,79.82286396200935,74.30574797127419,79.82286396200935,217770.97723531595,217.53411988559924,,,,,8.9,,-8.590000000000002,-14.798888599180415,,,,,,,27.1,30.9,,,77.68431842803466,40.26128264358011,47.07584633023284,5137.783255119092,-168.2470120721105,-68.02602423546527,120.372760546344
220.16914557991348,67.23124335128563,139.8308544200865,67.23124335128563,233000.0,235.87540400002467,41.0,238.0,0.73,,2.6,171.0,-9.84,5.820328499724409,,,,,,,24.2,78.3,6456542290.346561,-1.63,24.176163703175092,79.09722587358002,0.2533820448135771,4454.691864625201,-211.37158307752145,43.50370449669792,87.85488923427326
225.98574588608454,49.112367539364364,134.01425411391546,49.112367539364364,254000.0,257.3086526372519,45.0,590.0,0.87,,3.4,270.0,-12.02,27.293614889201933,,,,,,,22.6,282.9,1698243652.461746,-1.45,174.88439616828262,278.4495313769819,157.79370227551192,10231.721472,-219.35302151837556,116.05772229835794,54.13739045868679
225.98574588608454,49.112367539364364,134.01425411391546,49.112367539364364,783429.642766212,,,,,,,,,,,,,,,,,-300.0,,,-408.0156038317173,-304.45046862301814,-425.10629772448806,,-219.35302151837556,116.05772229835794,54.13739045868679
225.98574588608454,49.112367539364364,134.01425411391546,49.112367539364364,805378.4411990676,26.961926816295282,44.0,77.0,0.27,,0.47,,-16.43,-267.253228062056,,,55.0,,,,11.1,-199.0,1698243652.461746,,-307.0156038317173,-203.4504686230181,-324.10629772448806,176702.82413085183,-219.35302151837556,116.05772229835794,54.13739045868679
225.98574588608454,49.112367539364364,134.01425411391546,49.112367539364364,765596.6069112569,38.65798187641238,118.0,186.0,0.23,,2.5,,-8.120000000000001,-246.20810994914623,,,,,,,28.0,-209.4,5100000000.0,-1.93,-317.41560383171736,-213.85046862301812,-334.50629772448815,55334.624288081366,-219.35302151837556,116.05772229835794,54.13739045868679
225.98574588608454,49.112367539364364,134.01425411391546,49.112367539364364,824138.1150130013,45.93399627614517,57.0,87.0,0.21,,2.46,,-16.479999999999997,-259.61012575611267,,,11.0,16.1,,,19.2,-246.0,2187761623.949552,-0.92,-354.0156038317173,-250.4504686230181,-371.10629772448806,400000.0,-219.35302151837556,116.05772229835794,54.13739045868679
225.98574588608454,49.112367539364364,134.01425411391546,49.112367539364364,744731.9739059889,55.41448211268954,59.0,90.0,0.21,,3.1,,-11.86,-243.80612875111171,,,,,,,24.7,-376.3,7400000000.0,-1.33,-484.3156038317172,-380.7504686230181,-501.40629772448807,75490.19896782096,-219.35302151837556,116.05772229835794,54.13739045868679
225.98574588608454,49.112367539364364,134.01425411391546,49.112367539364364,727779.8045368242,66.45885781302657,,,,,1.24,,-8.509999999999998,-248.30049428139512,,,,,,,25.7,-251.6,10500000000.0,,-359.6156038317173,-256.0504686230181,-376.70629772448814,41792.441494908395,-219.35302151837556,116.05772229835794,54.13739045868679
225.98574588608454,49.112367539364364,134.01425411391546,49.112367539364364,827942.1637123346,76.85764106523405,69.0,101.0,0.19,,1.8,,-7.8900000000000015,-208.7161741652996,,,,,,,27.6,-539.6,,,-647.6156038317174,-544.0504686230181,-664.7062977244882,91039.81474305881,-219.35302151837556,116.05772229835794,54.13739045868679
225.98574588608454,49.112367539364364,134.01425411391546,49.112367539364364,748169.5005111551,73.0377599045788,70.0,111.0,0.23,,2.2,,-10.170000000000002,-221.74568419688848,,,,,,,24.8,-344.3,8700000000.0,-1.84,-452.3156038317172,-348.7504686230181,-469.40629772448807,62466.746289659626,-219.35302151837556,116.05772229835794,54.13739045868679
225.98574588608454,49.112367539364364,134.01425411391546,49.112367539364364,812830.5161640996,90.19053704338171,85.0,130.0,0.2,,3.0,,-9.75,-189.07896270062847,,,,,,,27.1,-107.8,5800000000.0,,-215.8156038317173,-112.2504686230181,-232.9062977244881,289550.2249762252,-219.35302151837556,116.05772229835794,54.13739045868679
225.98574588608454,49.112367539364364,134.01425411391546,49.112367539364364,762079.0100254116,101.57666854836708,168.0,265.0,0.23,,1.0,,-7.1099999999999985,-186.29656783695904,,,,,,,27.4,-261.6,9100000000.0,,-369.61560383171735,-266.0504686230181,-386.70629772448814,50044.453596407686,-219.35302151837556,116.05772229835794,54.13739045868679
126.21940062594165,-15.123352456726069,126.21940062594165,15.123352456726069,772680.5850957021,108.84272467512169,88.0,140.0,0.23,,1.4,,-9.54,-175.34297674668477,,,,,,,25.3,-403.0,7413102413.009163,-1.94,-229.27395112590236,-400.61418630519705,-153.6240463690392,80461.55479625608,496.44431703292327,157.20728337270108,570.8451600251386
126.21940062594165,-15.123352456726069,126.21940062594165,15.123352456726069,734513.8681571144,108.50015720712128,125.0,193.0,0.22,,0.71,,-6.829999999999997,-193.84943890947412,,,,,,,26.5,-419.6,7400000000.0,,-245.87395112590238,-417.21418630519713,-170.22404636903926,46342.55543034587,496.44431703292327,157.20728337270108,570.8451600251386
126.21940062594165,-15.123352456726069,126.21940062594165,15.123352456726069,820351.5443298176,115.21287642163914,,,,,6.2,,-8.97,-163.8045870953796,,,,,,,29.3,-111.6,,,62.126048874097684,-109.21418630519705,137.7759536309608,134644.9430959646,496.44431703292327,157.20728337270108,570.8451600251386
130.9919213225912,-23.558584200705944,130.9919213225912,23.558584200705944,769130.4402866098,125.60122790382314,,,,,4.6,,-10.23,-160.53017112087772,,,,,,,28.0,-237.7,5100000000.0,,-85.39067535422052,-237.60663861618144,-6.446644807115558,81961.66420634136,555.050573337892,228.10507443107517,481.0910207346894
130.9919213225912,-23.558584200705944,130.9919213225912,23.558584200705944,741310.2413009177,128.09612729926886,,,,,0.53,,-6.150000000000002,-170.89872782625488,,,,,,,26.2,-456.2,6900000000.0,,-303.8906753542205,-456.1066386161814,-224.94664480711555,54099.65881952437,555.050573337892,228.10507443107517,481.0910207346894
130.9919213225912,-23.558584200705944,130.9919213225912,23.558584200705944,839459.9865193982,133.7475840660747,163.0,253.0,0.22,,0.78,,-6.52,-146.89689887610396,,,,,,,27.3,-185.4,6500000000.0,,-33.09067535422054,-185.3066386161815,45.85335519288443,69487.32097704902,555.050573337892,228.10507443107517,481.0910207346894
125.75145988185976,-17.984491188697337,125.75145988185976,17.984491188697337,669884.6094165258,129.98827643628383,116.0,181.0,0.22,,1.3,,-7.529999999999998,-231.5163775410096,,,,,,,26.3,-164.1,6500000000.0,-2.46,7.819465892302276,-161.99994653654304,83.9571310580341,34335.10731737203,455.388975965141,136.10720512951934,472.06048258076254
111.91690090272114,-19.18618303567516,111.91690090272114,19.18618303567516,827942.1637123346,135.16916048461678,,,,,3.5,,-9.79,-143.817361861527,,,,,,,27.0,-362.5,5800000000.0,,-164.69570412528972,-357.45887740816835,-96.28870171826121,68938.08398953959,610.5501608774853,-13.86864839770356,559.0388073262535
111.91690090272114,-19.18618303567516,111.91690090272114,19.18618303567516,776247.1166286911,140.38465242248088,,,,,6.5,,-12.25,-144.7219929557718,,,,,,,26.4,-371.6,,,-173.79570412528977,-366.5588774081683,-105.38870171826122,75510.35708849407,610.5501608774853,-13.86864839770356,559.0388073262535
111.91690090272114,-19.18618303567516,111.91690090272114,19.18618303567516,676082.9753919819,139.44396969469105,90.0,144.0,0.23,,3.17,,-14.65,-210.11440702921226,,,17.0,,,,21.2,-193.1,2691534803.9269137,-0.83,4.704295874710283,-188.05887740816829,73.1112982817388,67278.97883786725,610.5501608774853,-13.86864839770356,559.0388073262535
111.91690090272114,-19.18618303567516,111.91690090272114,19.18618303567516,682338.6941416705,144.48093064744847,,,,,1.35,,-7.970000000000002,-196.7997043627292,,,,,,,,-139.8,,,58.00429587471025,-134.7588774081683,126.41129828173878,40179.863839084064,610.5501608774853,-13.86864839770356,559.0388073262535
111.91690090272114,-19.18618303567516,111.91690090272114,19.18618303567516,794328.2347242822,161.2178028218214,,,,,1.7,,-8.6,-120.91047331262779,,,,,,,27.2,-480.6,4800000000.0,-2.21,-282.79570412528966,-475.5588774081683,-214.38870171826127,23761.7027596508,610.5501608774853,-13.86864839770356,559.0388073262535
111.91690090272114,-19.18618303567516,111.91690090272114,19.18618303567516,928966.3867799364,182.0549669067459,98.0,152.0,0.21,,1.2,,-6.539999999999999,-132.5557617445276,,,,,,,28.5,-558.4,3400000000.0,,-360.59570412528967,-553.3588774081684,-292.1887017182612,79257.11058048169,610.5501608774853,-13.86864839770356,559.0388073262535
127.87533593976377,-24.534593792327627,127.87533593976377,24.534593792327627,625172.6927756862,174.90734486256787,,,,,1.21,,-9.38,-227.19662342456525,,,,,,,24.8,-323.0,9300000000.0,-1.7,-164.33904474296332,-322.31636811800195,-86.45461271963399,40923.15702039255,466.2226383369548,156.70123206141608,385.9042253784814
128.91873996306458,-29.16111487197341,128.91873996306458,29.16111487197341,651628.3940608428,180.64629081672072,148.0,235.0,0.23,,6.2,,-12.57,-183.7109096013258,,,10.9,,,,24.5,-192.4,6300000000.0,-1.47,-43.12189566371441,-192.59512055779214,35.122160674160966,44332.799620770165,513.873668329296,178.18748333478328,358.8908437490737
128.91873996306458,-29.16111487197341,128.91873996306458,29.16111487197341,616595.0018614823,183.6903328868837,141.0,220.0,0.22,,2.55,,-14.75,-227.08620236485734,,,15.0,15.3,,,20.8,-203.8,3630780547.7010174,-1.12,-54.52189566371442,-203.99512055779212,23.722160674160968,110000.0,513.873668329296,178.18748333478328,358.8908437490737
109.80158023651705,-30.77380454509414,109.80158023651705,30.77380454509414,731139.0834834172,186.5915766726297,,,,,1.7,,-8.32,-120.42655754215879,,,,,,,,-194.4,5200000000.0,,-13.054413169799117,-190.90043336269053,55.23493925777792,25064.074309628937,628.3024754282095,-2.9425505967130565,373.887282698598
133.61018576188934,-31.330575844480013,133.61018576188934,31.330575844480013,809095.8991783812,,151.0,261.0,0.27,,,,-18.84,,,,,,,,,-179.2,,,-44.65744368171073,-180.7207234187562,34.809012005672045,,638.4473889440364,277.10258445960454,412.5957625856369
127.78925813376591,-16.250249302229765,127.78925813376591,16.250249302229765,599791.0762555101,204.20551403360344,133.0,202.0,0.2,,2.1,,-7.59,-217.80457441772748,,,,,,,27.8,-128.2,5400000000.0,,40.564493364872654,-126.34896693105354,117.17981465622678,39587.90472252748,389.8423453009638,139.00831362993608,434.1070947447745
109.46060036151205,-9.961633854324155,109.46060036151205,9.961633854324155,762079.0100254116,217.3332100524292,157.0,277.0,0.28,,3.5,,-13.21,-78.67301107838193,,,,,,,23.2,-307.2,,-1.62,-95.91597158641936,-300.2202722003606,-32.37071066494102,65554.20874727161,477.7936292823955,-70.28106813812077,589.5237372657973
109.46060036151205,-9.961633854324155,109.46060036151205,9.961633854324155,794328.2347242822,251.6283759312479,212.0,323.0,0.21,,2.65,,-15.0,-37.11602004601344,,,,8.0,34.0,,24.6,-348.0,1621810097.3589332,,-136.7159715864194,-341.0202722003607,-73.17071066494108,50000000.0,477.7936292823955,-70.28106813812077,589.5237372657973
101.10126477073445,-16.734148527738398,101.10126477073445,16.734148527738398,758577.5750291836,261.8490575307353,,,,,4.2,,-11.7,-40.26940826937969,,,,,,,25.8,-198.4,,,15.942771841240473,-190.79824318620342,75.04179976978631,95741.69677415617,549.4204146894522,-151.66664181266648,500.57404549266806
126.76246269056965,-40.8939169615304,126.76246269056965,40.8939169615304,769130.4402866098,267.5571788659,,,,,2.1,,-10.13,-30.548117027631,,,,9.1,5.0,21.429000000000002,24.8,-286.5,4365158322.401666,,-154.6580316385095,-287.8873420773652,-79.47141994543657,380000.0,686.1260588959299,196.4735139212545,286.68942046550586
106.04159776368809,-36.324587090339826,106.04159776368809,36.324587090339826,783429.642766212,268.2561878343674,226.0,320.0,0.17,,2.3,,-11.47,-25.84078541231595,,,,,,,24.1,-339.8,5370317963.702533,,-166.31210982339329,-336.6586104731488,-100.80401600124243,24143.649896009676,711.9629839793733,-25.57250829255155,325.9091306293958
132.58700477340523,-34.101345710533494,132.58700477340523,34.101345710533494,920449.5717531722,275.6583940270247,,,,,0.94,,-6.82,-6.750575942761848,,,,,,,26.7,-129.8,6500000000.0,,2.671118067761228,-131.45192924071054,81.42168424491496,39283.68717351311,753.3398155794509,303.09524465092665,433.40490199501886
132.58700477340523,-34.101345710533494,132.58700477340523,34.101345710533494,476430.98680541565,318.9487868698821,,,,,0.89,,-8.99,-230.452753979118,,,,,,,23.9,-367.3,5900000000.0,,-234.8288819322388,-368.9519292407105,-156.0783157550851,20296.339297768245,753.3398155794509,303.09524465092665,433.40490199501886
91.03116142568527,-22.92542010089291,91.03116142568527,22.92542010089291,660693.4480075964,365.382541262497,,,,,1.11,,-8.500000000000002,0.8903090335077706,,,,,,,26.3,-326.2,7400000000.0,,-115.43556376001908,-318.0255384814877,-63.93974897466104,17788.18745008495,524.5252943186039,-210.09608779495997,342.41594845071245
147.81684931467933,-15.520285647569661,147.81684931467933,15.520285647569661,772680.5850957021,348.2590787946933,,,,,1.7,,-10.340000000000002,42.546802180598334,,,,,,,25.6,-326.0,,,-216.14876119599273,-329.05398509614577,-135.69497751028058,78622.38281965228,409.90695155358117,414.92161100928803,506.8053219623327
129.7377975754259,-60.577320508495525,129.7377975754259,60.577320508495525,755092.227665434,518.4477040516994,293.0,552.0,0.31,,6.81,,-15.19,173.25279083303116,,,,5.9,25.0,,22.8,-231.6,1995262314.9688828,-1.19,-152.883356303763,-235.99041134642948,-87.81663361741961,65000000.0,724.6180922903508,210.5095880241777,27.903511537642974
270.52942117869657,-69.62685325301807,89.47057882130345,69.62685325301807,414954.0426343632,415.0073914670707,,,,,3.76,,-9.89,154.90389805849637,,,,10.0,,16.484,25.8,-13.0,2.6302679918953817,,-100.29651051956851,-23.710580398984,-81.61007969803104,120000.0,266.07046577914457,140.1421242383216,-285.9257766495369
248.0860298821542,-51.83367858838237,111.9139701178458,51.83367858838237,380189.39632056135,382.1442672591148,,,,,4.6,,-6.599999999999998,136.24528021661624,,,,,,,,75.6,,,-64.98404028578062,61.14126023882066,-46.09937757044579,19444.055796074223,156.4711633033821,232.7476110090361,-256.6891148815344
26.86324453715572,-17.737404921576776,26.86324453715572,17.737404921576776,459198.0128368685,452.3171787646055,,,,,2.65,,-15.21,194.35063314303815,,,,5.8,47.0,,19.7,-54.5,1000000000.0,-1.05,50.86321786885888,-43.82087550602173,26.061255698332406,130000000.0,197.62409964404918,-400.9919453673708,-104.94279386265335
26.86324453715572,-17.737404921576776,26.86324453715572,17.737404921576776,755092.227665434,677.2142821017397,,,,,3.2,,-11.29,287.51880967452087,,,7.7,,,,25.0,-83.9,8912509381.33744,,21.46321786885888,-73.22087550602174,-3.3387443016675977,95114.61460733594,197.62409964404918,-400.9919453673708,-104.94279386265335
94.77689995677721,-43.55414204151143,94.77689995677721,43.55414204151143,920449.5717531722,474.36864561523737,,,,,2.1,,-12.22,188.97335999323016,,,10.0,9.0,21.0,,22.8,-179.5,,-1.39,-17.314593721296774,-176.1999720701357,39.43187949836489,5900000.0,881.8065429391266,-121.55692215296943,234.2403672449337
214.852411904006,43.66094068963103,145.14758809599402,43.66094068963103,409000.0,421.74184981466794,,,,,0.99,118.0,-8.000000000000002,189.8407844817057,4180044.6428571437,,,6.9,,,24.8,38.1,1698243652.461746,-1.74,-58.323558926675396,32.62864333114717,-62.21625185238554,280000.0,-315.2259544906752,231.3659537564412,119.93078444592571
214.852411904006,43.66094068963103,145.14758809599402,43.66094068963103,933254.3007969924,823.0366586179377,,,,,8.62,,-14.250000000000002,468.8804836026807,,,17.0,4.5,30.0,53.0,23.7,-130.0,4677351412.871982,,-226.42355892667538,-135.4713566688528,-230.31625185238556,61000000.0,-315.2259544906752,231.3659537564412,119.93078444592571
214.852411904006,43.66094068963103,145.14758809599402,43.66094068963103,1213388.8504649785,456.6342273072354,,,,,0.92,,-9.420000000000002,53.958484906405054,,,,,,,25.6,-332.1,4600000000.0,-1.35,-428.5235589266753,-337.5713566688528,-432.41625185238547,223479.54679675828,-315.2259544906752,231.3659537564412,119.93078444592571
196.90364669394526,52.42261855732124,163.09635330605474,52.42261855732124,797994.6872679769,802.7608591274025,,,,,2.15,,-12.11,559.7788883657223,,,,9.3,,,22.8,24.0,851138038.2023759,-1.58,-16.84113134219092,22.16855098897978,-15.496322082414133,11000000.0,-593.1068424283246,344.35967283360225,407.96594232675017
35.84825419113669,-30.6374619996588,35.84825419113669,30.6374619996588,1071519.3052376048,1065.8707235190275,,,,,1.47,,-10.65,731.0348949524655,,,,5.8,,23.0,23.6,-137.7,,-1.44,-18.08785331461884,-128.94374138026058,-23.3362887866845,4100000.0,699.5646269606164,-784.7374090649417,-207.24418693023784
323.79043995015223,-47.96164047234784,36.20956004984782,47.96164047234784,887156.01203796,882.7941683970466,,,,,1.1,,-9.54,651.1212117359539,,,16.0,,,,25.0,194.0,7585775750.291852,,101.89010969971228,188.9168832996484,78.56301614479585,85395.81245612682,371.9895158244986,-132.0451002859758,-794.5021594068946
22.34649569621833,-15.729893633562885,22.34649569621833,15.729893633562885,1066596.121230259,1059.3718467600793,,,,,0.91,,-11.54,800.6427288846808,,,,10.0,,,23.9,-78.5,,,12.519297057523346,-67.99372074613557,-18.54976642282662,8800000.0,391.6553251502242,-945.7341190229703,-299.7004641650595
164.66523897267246,42.88431778177796,164.66523897267246,42.88431778177796,1361444.6824659512,1367.1961130866705,,,,,0.41,,-12.470000000000002,1016.4132136572576,,,,11.0,,,21.2,-29.2,,,14.15995194958915,-28.470820238927807,41.904589880955314,950000.0,-620.7375618596243,539.4245983485731,1085.0058089281663
257.9534158919684,22.520523864454173,102.04658410803164,22.520523864454173,1294195.8414499864,1295.7862130790759,,,,,0.72,,-9.659999999999998,1038.5833316783796,,,,7.2,,,,376.0,,,167.3571881055019,366.10517827536455,129.76875520333644,280000.0,-994.1073766551548,639.8300189621057,-526.6032154679611
261.87631664741525,23.31317643262669,98.12368335258476,23.31317643262669,1300169.57803329,1301.248528418698,,,,,4.3,,-14.87,1038.1582277400025,,,,10.0,72.4,,22.6,403.0,,,193.68185794255157,393.6926580458551,151.51071227926204,450000000.0,-1021.254546291149,571.2570491489645,-566.6969799818413
233.20007578684778,43.78378099176289,126.79992421315222,43.78378099176289,1425607.5936021882,1429.1388739092954,,,,,1.06,,-14.47,1196.7346342690248,,,90.0,18.0,71.0,,21.9,304.0,1819700858.6099825,,170.83366977610848,298.01423799742696,150.30508647689487,51000000.0,-1229.2748827682374,709.7102651387123,132.48250106370878
262.63601130472284,22.819470894754005,97.36398869527716,22.819470894754005,1348962.8825916534,1349.9465228793824,,,,,1.2,,-10.45,1085.6838874610273,,,,6.4,,29.906,23.9,362.0,,,151.57363537140145,352.68199137292635,108.75917664911806,730000.0,-1054.4878352374876,584.1012090088311,-605.4601899221468
244.7810318312789,40.788609984865225,115.21896816872109,40.788609984865225,1432187.8992735457,1434.8286233740344,,,,,2.47,,-14.28,1193.5633243470666,,,,8.0,20.0,,22.8,324.0,707945784.3841372,,166.75873204817685,317.45001228399406,136.49674741663745,77000000.0,-1271.1571637419665,654.5953925834953,-82.62273235321153
217.33757953674981,0.28108605492805205,142.66242046325019,0.28108605492805205,1674942.876026438,1681.407625346269,,,,,,,,1425.5238331218247,,,,23.0,42.0,54.161,,288.0,,,140.17011534616987,273.60071192103555,165.03241136978406,14000000.0,-435.99696804099284,1613.4038795743804,-110.76192118736608
217.33757953674981,0.28108605492805205,142.66242046325019,0.28108605492805205,1674942.876026438,1681.407625346269,,,,,,,,1425.5238331218247,,,,11.9,,28.022,,322.6,,,174.7701153461699,308.20071192103563,199.63241136978408,2600000.0,-435.99696804099284,1613.4038795743804,-110.76192118736608
219.6377832587699,54.43523729730823,140.3622167412301,54.43523729730823,1621810.0973589297,1625.464202640421,,,,,1.2,,-9.150000000000002,1395.3190095020748,,,,8.4,15.0,,,264.0,,,179.58277998124328,261.21064966561727,164.04031382929452,940000.0,-1402.1582581136624,640.8361027321638,503.5367916389948
219.6377832587699,54.43523729730823,140.3622167412301,54.43523729730823,1923091.7289101616,1856.6199269398728,,,,,0.5,,-11.52,1533.0975476583267,,,,14.2,,33.438,22.2,158.89,,,74.47277998124332,156.10064966561737,58.93031382929455,730000.0,-1402.1582581136624,640.8361027321638,503.5367916389948
83.87890998132565,44.40835272440747,83.87890998132565,44.40835272440747,1923091.7289101616,1868.8482373329928,,,,,0.47,,-10.920000000000002,1541.2692879523893,,,,,,,24.0,-65.0,,,105.37304024900091,-50.89249249586658,104.57034262327038,605836.340434887,-500.734119012681,-1002.126279494665,1563.1027028974936
83.87890998132565,44.40835272440747,83.87890998132565,44.40835272440747,1931968.3170169224,,,,,,5.16,,-18.53,,,,,,86.0,,19.3,129.0,,,299.3730402490009,143.10750750413342,298.57034262327045,1300000000.0,-500.734119012681,-1002.126279494665,1563.1027028974936
83.87890998132565,44.40835272440747,83.87890998132565,44.40835272440747,2032357.0109362209,2030.804456429277,,,,,0.42,,-11.239999999999998,1703.4363523888426,,,,9.7,,,22.3,117.0,,,287.3730402490009,131.10750750413342,286.57034262327045,340000.0,-500.734119012681,-1002.126279494665,1563.1027028974936
83.87890998132565,44.40835272440747,83.87890998132565,44.40835272440747,2079696.6871036938,,,,,,5.0,,-18.49,,,,80.0,13.0,98.8,,21.0,146.0,,,316.3730402490009,160.10750750413342,315.57034262327045,1800000000.0,-500.734119012681,-1002.126279494665,1563.1027028974936
344.7872572332449,-50.40115139475019,15.212742766755127,50.40115139475019,1949844.5997580453,1944.8595162696615,,,,,0.97,,-15.55,1697.728098779943,,,,36.0,58.0,,20.1,122.0,,,83.33801916845728,120.13486954859056,65.48159719609313,87000000.0,1076.6318373897138,-604.8469697067194,-1508.9459874896318
109.0931464193932,-22.37737106696816,109.0931464193932,22.37737106696816,2523480.772480576,1765.921618405713,,,,,0.64,,-11.810000000000002,1318.0876289555024,,,,,,,22.8,-136.9,,,60.44069779996255,-131.8012655166838,127.47177207878435,6600000.0,1965.00827625552,-123.91477461255549,1578.39881270837
14.215380934976956,-70.98468689411825,14.215380934976956,70.98468689411825,2208004.733018896,2142.4979473449953,,,,,0.9,,-13.22,1823.1397557612881,,,,,,,22.9,62.0,,,76.78713935771759,59.18470823259838,93.49535462865065,17000000.0,1860.2903316921966,-274.2199751964048,-1157.328038219789
21.05090693778396,-61.20984126048258,21.05090693778396,61.20984126048258,2344228.8153199228,2283.164516493963,,,,,9.99,,-10.55,1963.8200670827305,,,,,,,26.0,92.0,,,130.04423645632392,91.98631640740813,139.77085921946627,869026.1108125001,1925.1397074947367,-693.7414121974319,-1143.6645916551067
63.709866438660576,71.9922107643356,63.709866438660576,71.9922107643356,2187761.623949552,2186.664320399154,,,,,0.36,,-9.5,1944.9905191828811,,,,7.5,,,23.8,63.3,,,135.49265192163466,74.51546465093406,104.80448851155451,2500000.0,-1522.0807834410668,-943.500222992958,1256.7332020433164
293.56947215371963,-42.90540171440405,66.43052784628043,42.90540171440405,2118361.1352485004,2115.996534637985,,,,,0.57,,-12.13,1885.7415943852125,,,,,,,24.9,316.0,,,158.1120909785913,305.814007581197,136.92569720981874,581479.1964775379,514.5381672346563,376.3781877665836,-2020.15935845756
310.7374834370217,76.97946473263944,49.26251656297831,76.97946473263944,2177709.7723531597,2176.530436717889,,,,,0.32,,-12.19,1939.6500398487733,,,,7.0,,,22.6,213.9,,,182.43817513970768,219.9947519756085,132.39373985706354,11000000.0,-2042.2050891885308,-534.5562661949009,534.8530869002068
25.57323357913982,70.46481776115519,25.57323357913982,70.46481776115519,2290867.652767774,2288.430947633056,,,,,0.64,,-12.4,2058.3601314356383,,,,15.0,56.0,,22.6,152.0,,,194.7991295248452,163.04380845237083,148.88666011680328,18000000.0,-1747.8201543123096,-1178.27242554241,897.1473691004362
111.14106541848196,61.30941250687864,111.14106541848196,61.30941250687864,2582260.190634596,2583.6788890493576,,,,,0.42,,-13.36,2258.845036578947,,,,,31.2,,21.5,56.0,,,164.46436873794326,65.95545650301807,162.4073808702364,29000000.0,-1369.6064434623424,-572.4975277870577,2112.93456189262
301.2147794462747,-15.511210298912482,58.78522055372531,15.511210298912482,2269864.8518838207,2265.819881732391,,,,,2.01,,-13.98,2001.174206838852,,,,,,,23.3,429.0,,,240.4354469276145,421.73338218359436,185.87105801160396,13000000.0,-459.76692434766403,-37.73240036070912,-2222.493439148127
137.7580243571947,72.94224789561504,137.7580243571947,72.94224789561504,2582260.190634596,2584.036135011852,,,,,1.04,,-14.36,2323.2417626777824,,,,7.3,11.2,,22.1,194.9,,,245.3877096564296,202.00401179023808,233.27923095278302,35000000.0,-1859.595667166999,-225.70817997424527,1777.3653153706632
139.76246810675028,10.647173786319328,139.76246810675028,10.647173786319328,2964831.3895243388,2389.441442904198,,,,,0.94,,-13.16,2038.7574703060525,,,,8.8,122.0,,22.8,67.0,,,208.82338348655293,69.15929103374262,274.2645250268078,860000000.0,576.7716042472008,997.0376311692689,2731.936245023904
166.19759806112688,72.74521142540874,166.19759806112688,72.74521142540874,2594179.3621188123,2596.530614290164,,,,,0.9,,-13.17,2348.009700811769,,,,,,,22.9,251.0,,,271.5102188259687,255.94165441169272,258.77552294444683,52000000.0,-2017.8653885226126,80.31095659875625,1628.3537658923651
329.75612883258253,-17.282474581443807,30.24387116741747,17.282474581443807,2443430.5526939714,2436.7351522184877,,,,,0.48,,-15.840000000000002,2188.498384845912,,,,,,,18.7,302.0,,,195.766035462668,301.57310207905016,135.78333739705678,180000000.0,-61.41578211784922,-1093.9341304015304,-2184.0075745948934
82.00853445427803,64.47712690386247,82.00853445427803,64.47712690386247,2792543.8412373364,2792.069094136837,,,,,0.64,,-14.43,2514.070916810008,,,,10.0,24.7,,21.4,150.0,,,255.84742023076006,161.9762580007157,237.61650377417027,43000000.0,-1606.9708906291944,-1175.2995811129213,1958.2176989647455
339.04373214184466,62.602616166784365,20.956267858155343,62.602616166784365,2582260.190634596,2578.7804334180905,,,,,0.28,,-9.959999999999997,2331.759225887673,,,,,,,23.2,287.2,,,259.10016328651415,295.30740689276297,194.80002688340642,880000.0,-2260.11433139474,-1234.2806728747332,191.05528448128499
163.20448623463682,77.70021017576465,163.20448623463682,77.70021017576465,2857590.5433749496,2859.258007040619,,,,,0.45,,-14.080000000000002,2618.478585952276,,,,7.4,8.7,,21.1,165.0,,,184.28475659720863,170.7425353212879,165.19460715436537,7900000.0,-2303.6281653738283,-122.25675032979423,1686.4679885136125
161.10159627447786,78.06045803712504,161.10159627447786,78.06045803712504,2951209.22666639,2952.809678390837,,,,,0.7,,-10.950000000000005,2711.9792876407,,,,,,,24.0,284.0,,,304.6325029970624,289.89109461914427,285.20503719811205,48000000.0,-2375.8599594532,-155.3577012772119,1743.7859207143897
263.8200606215986,12.364498498828356,96.17993937840141,12.364498498828356,132000.0,132.92536522288617,,,,,1.27,,,-107.94502545971477,,,,,,,31.9,290.7,,,65.95067454652872,279.5989781650399,26.130541835738768,111.025728,-87.10242760557173,63.54723600439003,-76.15061327014044
163.16560116020997,-60.69348384903752,163.16560116020997,60.69348384903752,251000.0,255.0947700468695,,,,,1.23,90.0,-2.4499999999999997,-92.76296287649679,,,,,,,,,,,,,,8430.289812,213.94479887779,130.23822305397005,-16.328756501531966
163.5810008729879,-52.20133138698731,163.5810008729879,52.20133138698731,23800.0,29.28969375867329,,,,,2.68,19.0,-1.0999999999999996,-218.791871969108,,,,,,,,,,,,,,71.0265963076923,19.122423938475265,14.112009175851018,1.274401717640458
267.7252605174901,-23.635253477608753,92.27473948250991,23.635253477608753,45000.0,46.714683450938,,,,,3.6,47.0,-3.200000000000001,-183.415071130222,,,,,,,,,,,,,,276.7041,-4.61030154467207,23.326455995511733,-38.20499404994914
275.8567340363614,60.82733051653074,84.14326596363861,60.82733051653074,87000.0,87.07108652085384,,,,,1.5,38.0,-0.8000000000000007,-147.39390120512618,,,,,,,,,,,,,,809.7166483516484,-86.99385167541327,-0.06073317549592017,1.0325125459727396
297.0582446224644,-37.293968140952394,62.94175537753563,37.293968140952394,27600.0,25.741743421789412,26.0,1029.0,0.95,10.0,7.42,53.0,-4.709999999999999,-204.25862480419164,224094.60000000003,2.7,,,,,,80.4,,,-84.94739348729291,70.91411149561323,-114.51616425073072,124.58432447999998,4.300265467899028,3.2864634877864254,-27.064125233397842
268.0796246768532,-16.318072211512455,91.9203753231468,16.318072211512455,36200.0,37.29636396375805,26.0,118.0,0.64,10.0,8.69,92.0,-4.5,-193.0286086697853,616841.6,3.4,,,,,,477.2,,,252.4145406605493,463.4336353829403,225.87532498355068,220.8143817600001,-8.267582287664354,18.477004068579678,-30.011454542664023
268.3010705840146,-16.09427121728685,91.69892941598542,16.09427121728685,27800.0,29.180643906194838,28.0,106.0,0.58,10.0,3.75,30.0,-2.3999999999999986,-200.94364301214446,545663.9999999999,5.6,,,,,,284.6,,,59.593890977544184,270.8784853718641,32.64726708864852,101.22658320000001,-6.461796094450206,14.094555165551832,-23.074416697263757
282.5467826455606,42.809366812066735,77.4532173544394,42.809366812066735,117500.0,116.4716982772539,18.0,124.0,0.74,,31.2,1066.0,-8.200000000000001,-132.6047458522784,4507261.2,2.7,,,,,,87.5,,,-72.44376454352694,85.09805866092334,-134.75324914799478,3010.6460999999995,-111.8845724625769,5.256771688632378,-35.50294067087928
56.00968534933527,-52.64486280856792,56.00968534933527,52.64486280856792,107900.0,105.16936985905537,95.0,190.0,0.75,,5.1,160.0,-4.3599999999999985,-168.9817075841163,2706048.0000000005,5.4,,,,,,-71.1,,,43.102940395616415,-67.57441733601873,70.0163931178954,1747.4791713599993,99.23141168331286,-39.125809563879244,-16.26984822633384
